{
  "watchList": [
    {
      "api1": "BDTX",
      "api2": "Black Diamond Therapeutics Inc",
      "api3": 1.84,
      "api4": 6.2,
      "api5": 4.36,
      "api6": 2.36957,
      "api7": 87136,
      "id": 1
    },
    {
      "api1": "TSLA",
      "api2": "Tesla Inc",
      "api3": 241.05,
      "api4": 250.14,
      "api5": 9.09,
      "api6": 0.03771,
      "api7": 165998906,
      "id": 2
    }
  ]
}