{
  "watchList": [
    {
      "api1": "AAPL",
      "api2": "Apple Inc",
      "api3": 185.27,
      "api4": 188.05,
      "api5": 2.78,
      "api6": 0.01501,
      "api7": 64207627,
      "id": 1
    },
    {
      "api1": "TSLA",
      "api2": "Tesla Inc",
      "api3": 241.05,
      "api4": 250.14,
      "api5": 9.09,
      "api6": 0.03771,
      "api7": 165998906,
      "id": 2
    }
  ]
}